{"0": {"0": {"Lipa": 0.2701875658582192, "Ripa": 0.22962505597110738}, "1": {"Ripa": 0.3527919611619074, "Lipa": 0.37573777977406403}}, "1": {"0": {"Lipa": 0.13278907044353241, "Ripa": 0.13189786862847516}, "1": {"Ripa": 0.11109649222348361, "Lipa": 0.030071230977785038}}, "2": {"0": {"Lipa": 0.15160047995588988, "Ripa": 0.15160047995588988}, "1": {"Ripa": 0.1192611234801781, "Lipa": 0.15580888712732946}}, "3": {"0": {"Lipa": 0.0650875218889336, "Ripa": 0.1822450612890141}, "1": {"Ripa": 0.056859788229780155, "Lipa": 0.1462108840194347}}, "4": {"0": {"Lipa": 0.1479980834910866, "Ripa": 0.1656694964452462}, "1": {"Ripa": 0.14040718345440875, "Lipa": 0.14040718345440875}}, "5": {"0": {"Lipa": 0.12635520109596513, "Ripa": 0.16404008563335823}, "1": {"Ripa": 0.14711395479998124, "Lipa": 0.06722060856029105}}, "6": {"0": {"Lipa": 0.15932651521362468, "Ripa": 0.14771994788018183}, "1": {"Ripa": 0.14804715854414402, "Lipa": 0.10219673257711434}}, "7": {"0": {"Lipa": 0.17398783995575023, "Ripa": 0.17171348910665546}, "1": {"Ripa": 0.1350581763094453, "Lipa": 0.12605429788881561}}, "8": {"0": {"Lipa": 0.1644541054878335, "Ripa": 0.1644541054878335}, "1": {"Ripa": 0.12705765129473418, "Lipa": 0.15603571211634024}}, "9": {"0": {"Lipa": 0.10820781409066853, "Ripa": 0.09181269074359753}, "1": {"Ripa": 0.07115988965252461, "Lipa": 0.07502127901351431}}, "10": {"0": {"Lipa": 0.1768358127003702, "Ripa": 0.18236193184725674}, "1": {"Ripa": 0.14883963616234558, "Lipa": 0.1510694434456766}}}