{"0": {"easy": {"Lipa": 0.2701875658582192, "Ripa": 0.22962505597110738, "Simscore": 28248.3}, "hard": {"Ripa": 0.3527919611619074, "Lipa": 0.37573777977406403, "Simscore": 46549.7}}, "1": {"easy": {"Lipa": 0.13278907044353241, "Ripa": 0.13189786862847516, "Simscore": 20928.6}, "hard": {"Ripa": 0.11109649222348361, "Lipa": 0.030071230977785038, "Simscore": 30673.5}}, "2": {"easy": {"Lipa": 0.15160047995588988, "Ripa": 0.15160047995588988, "Simscore": 10293.6}, "hard": {"Ripa": 0.1192611234801781, "Lipa": 0.15580888712732946, "Simscore": 30078.8}}, "3": {"easy": {"Lipa": 0.0650875218889336, "Ripa": 0.1822450612890141, "Simscore": 14060.0}, "hard": {"Ripa": 0.056859788229780155, "Lipa": 0.1462108840194347, "Simscore": 38490.7}}, "4": {"easy": {"Lipa": 0.1479980834910866, "Ripa": 0.1656694964452462, "Simscore": 21681.2}, "hard": {"Ripa": 0.14040718345440875, "Lipa": 0.14040718345440875, "Simscore": 41153.5}}, "5": {"easy": {"Lipa": 0.12635520109596513, "Ripa": 0.16404008563335823, "Simscore": 23199.3}, "hard": {"Ripa": 0.14711395479998124, "Lipa": 0.06722060856029105, "Simscore": 42568.6}}, "6": {"easy": {"Lipa": 0.15932651521362468, "Ripa": 0.14771994788018183, "Simscore": 22936.4}, "hard": {"Ripa": 0.14804715854414402, "Lipa": 0.10219673257711434, "Simscore": 40446.1}}, "7": {"easy": {"Lipa": 0.17398783995575023, "Ripa": 0.17171348910665546, "Simscore": 21741.2}, "hard": {"Ripa": 0.1350581763094453, "Lipa": 0.12605429788881561, "Simscore": 39426.6}}, "8": {"easy": {"Lipa": 0.1644541054878335, "Ripa": 0.1644541054878335, "Simscore": 23250.7}, "hard": {"Ripa": 0.12705765129473418, "Lipa": 0.15603571211634024, "Simscore": 41867.8}}, "9": {"easy": {"Lipa": 0.10820781409066853, "Ripa": 0.09181269074359753, "Simscore": 20553.4}, "hard": {"Ripa": 0.07115988965252461, "Lipa": 0.07502127901351431, "Simscore": 34823.7}}, "10": {"easy": {"Lipa": 0.1768358127003702, "Ripa": 0.18236193184725674, "Simscore": 22843.3}, "hard": {"Ripa": 0.14883963616234558, "Lipa": 0.1510694434456766, "Simscore": 37521.8}}}